{"cameraMode":{"drawMode":0,"name":"Shaded","section":"Shading Mode"},"sceneLighting":false,"audioPlay":false,"sceneViewState":{"m_AlwaysRefresh":false,"showFog":true,"showSkybox":false,"showFlares":true,"showImageEffects":true,"showParticleSystems":true,"showVisualEffectGraphs":true,"m_FxEnabled":true},"in2DMode":false,"pivot":{"x":0.16289907693862916,"y":-4.49265718460083,"z":6.438594341278076},"rotation":{"x":0.01439772080630064,"y":0.0014993700897321106,"z":-0.00001682069523667451,"w":0.9998956322669983},"size":2.769015073776245,"orthographic":true}