{"cameraMode":{"drawMode":0,"name":"Shaded","section":"Shading Mode"},"sceneLighting":false,"audioPlay":false,"sceneViewState":{"m_AlwaysRefresh":false,"showFog":true,"showSkybox":false,"showFlares":true,"showImageEffects":true,"showParticleSystems":true,"showVisualEffectGraphs":true,"m_FxEnabled":true},"in2DMode":false,"pivot":{"x":-7.837100982666016,"y":-3.4538207054138185,"z":5.989439487457275},"rotation":{"x":-0.0021016730461269619,"y":0.0014994969824329019,"z":0.000007735582585155498,"w":0.9999971985816956},"size":3.7387053966522219,"orthographic":true}