{"cameraMode":{"drawMode":0,"name":"Shaded","section":"Shading Mode"},"sceneLighting":false,"audioPlay":false,"sceneViewState":{"m_AlwaysRefresh":false,"showFog":true,"showSkybox":false,"showFlares":true,"showImageEffects":true,"showParticleSystems":true,"showVisualEffectGraphs":true,"m_FxEnabled":true},"in2DMode":false,"pivot":{"x":15.110445976257325,"y":-13.758161544799805,"z":78.5542221069336},"rotation":{"x":0.0982276201248169,"y":-0.016420025378465654,"z":0.0016218910459429026,"w":0.9950335025787354},"size":43.605342864990237,"orthographic":false}