{"cameraMode":{"drawMode":0,"name":"Shaded","section":"Shading Mode"},"sceneLighting":false,"audioPlay":false,"sceneViewState":{"m_AlwaysRefresh":false,"showFog":true,"showSkybox":false,"showFlares":true,"showImageEffects":true,"showParticleSystems":true,"showVisualEffectGraphs":true,"m_FxEnabled":true},"in2DMode":false,"pivot":{"x":8.162899017333985,"y":-4.1271514892578129,"z":6.004884719848633},"rotation":{"x":0.01439772080630064,"y":0.0014993700897321106,"z":-0.00001682069523667451,"w":0.9998956322669983},"size":2.894594192504883,"orthographic":true}